"region","emp_cov"
1,0.954545454545455
2,0.972602739726027
3,1
4,0.988636363636364
5,0.989473684210526
